omp_threads,clients,r,ok,errors,throughput_rps,mean_ms,p50_ms,p95_ms,p99_ms
1,1,1000,8,0,0.0306463,21017.9,20841.2,21391.7,21391.7
2,1,1000,8,0,0.0630627,12552.1,12483.1,12662.3,12662.3
4,1,1000,8,0,0.0960169,8308.22,8303.49,8422.83,8422.83
8,1,1000,8,0,0.116122,6953.34,6575.75,7316.33,7316.33
