omp_threads,clients,r,ok,errors,throughput_rps,mean_ms,p50_ms,p95_ms,p99_ms
1,1,1000,8,0,0.0265818,32331,25216.1,34270.1,34270.1
2,1,1000,8,0,0.0577853,12897.7,12758.7,13216.6,13216.6
4,1,1000,8,0,0.0836119,9803.7,8783.29,10570.1,10570.1
8,1,1000,8,0,0.112022,7015.11,6708.96,7391.31,7391.31
