omp_threads,clients,r,ok,errors,throughput_rps,mean_ms,p50_ms,p95_ms,p99_ms
1,1,1000,8,0,0.0359274,22337.1,22157,23125.4,23125.4
2,1,1000,8,0,0.0628415,12631.8,12586.5,12618.2,12618.2
4,1,1000,8,0,0.0957521,8327.68,8270.61,8444.75,8444.75
8,1,1000,0,10,0,0,0,0,0
