clients,r,ok,errors,throughput_rps,mean_ms,p50_ms,p95_ms,p99_ms
1,500,20,0,0.133457,5904.14,6245.93,6645.81,6645.81
2,500,40,0,0.260101,5596.12,5569.96,6785.4,6820.59
4,500,80,0,0.309487,10426.3,10296.5,11991.4,12266.7
8,500,160,0,0.289146,21514.3,20824.1,26375.6,27138
16,500,320,0,0.288254,44383.8,44212.2,51112,54362.7
