clients,r,ok,errors,throughput_rps,mean_ms,p50_ms,p95_ms,p99_ms
1,0,20,0,1292.8,0.14883,0.132822,0.205446,0.205446
1,100,20,0,1.13249,711.635,695.483,854.197,854.197
1,500,20,0,0.284733,2589.75,2537.67,2927.66,2927.66
1,1000,20,0,0.158187,5004.33,4918.82,5412.72,5412.72
