message,bytes,iters,serialize_us,parse_us,roundtrip_us
request,10,1000000,0.0490372,0.0364016,0.0854387
response,27,1000000,0.0239849,0.0444115,0.0683965
